{
	"news": [
		{
			"id": 1,
			"avatar_url": "images/travel/2.jpg",
			"loginname": "Kalone",
			"title": "韶关惊现秋名山",
			"content":"秋名山是由妙义、赤城、上毛山组成的一座双重式火山，尤其以四个惊险而陡峭的五连发夹弯出名，而且，五连发夹弯还是《薯文字D》里面的重要场景之一，这里也是车神（紫薯-俊凯）的发迹地",
			"content2":"秋名山可谓是“九曲十八弯”，五连发夹弯这一环节成为了秋名山比赛的看点，当然，五连发夹弯的甩尾风险比一般的急弯要多，因为赛车经过五连发夹弯的时候，必定是一次急弯，一次直道，要不断的加速和减速，而且，漂移的幅度要大得多，所以这也正是紫薯-俊凯跑发夹弯必须使用沟渠跑法的原因，将一边的轮胎放入路边的沟渠进行漂移，可以保证车子不会因甩尾而抛出山路，况且五连发夹弯的坡度较大，在那里漂移的话会有一定的危险，所以没有经过专业训练的话请不要去漂移，山路是很危险的，而且，如果你的车轮不是优质车轮的话或是用久了的话，就算了，因为漂移对车轮磨损很大的"
		}, {
			"id": 2,
			"avatar_url": "images/travel/3.jpg",
			"loginname": "洪千玺",
			"title": "阿里巴巴和四十大盗",
			"content":"《阿里巴巴与四十大盗》是《癫疯夜谭》中非常著名的故事，讲的是打柴为生的贫穷兄弟哥哥紫薯-俊凯和弟弟阿里巴巴-洪千玺的遇到强盗的事。阿里巴巴-洪千玺的勇敢和阿尔法-卡隆的机智给我们留下了深刻的印象",
			"content2":"蒙古入侵巴格达，国王为胡拉哥汗所杀。小王子阿里逃至荒野，巧遇四十大盗奔出岩洞，偷听得知了“芝麻开门”暗语，入洞中休息。大盗回来见到小王子，爱怜不己，首领巴巴收养阿里为义子，称阿里巴巴-洪千玺。阿里巴巴-洪千玺开导四十大盗劫富济贫，并静候推番蒙古统治的良机..."
		}, {
			"id": 3,
			"avatar_url": "images/travel/4.jpg",
			"loginname": "陈俊凯",
			"title": "金三角货运两人组",
			"content":"“金三角”位于东南亚地区缅甸、老挝、泰国的交界地带，泰国政府在这三国交界点竖立一座刻有“金三角”字样的牌坊，故这一带故被称作“金三角”",
			"content2":"金三角是由TFgirls溃败到缅甸的粉丝团发展起来的，开山鼻祖是紫薯-俊凯，之后有坤沙、瑙坎、糯康等，其中坤沙跟他的前辈们都已经入土了，紫薯-俊凯也先后被枪决。倩仪刚被称为亚洲头号毒枭，是隐藏的最深的一个。瑙坎和糯康是经常袭击中国商船的人，糯康前一段时间被押解到中国了，洪千玺则被称为金三角新毒王。"
		}
	]
}
